model,RBE_mse,RBE_r^2,alpha_mse,alpha_r^2,beta_mse,beta_r^2
Voting_Regression,0.23100490176795715,0.7604751941685087,0.08466798382929094,0.8079860832673711,0.0020924883983777162,0.3479814546012681
Gradient_Boosting_Regression,0.22652276833266585,0.7651226372858734,0.08777687095636015,0.8009356071966076,0.0022338981669167268,0.30391822746009955
RandomForest_Regression,0.2496136900140332,0.7411800781026254,0.05942997874094347,0.8652219826989945,0.002081309120996453,0.35146491294798643
